Built,n,prop
3.4.0,34,0.22818791946308725
3.4.1,9,0.06040268456375839
3.4.2,49,0.3288590604026846
3.4.3,19,0.12751677852348994
3.4.4,38,0.2550335570469799
